Producto,Comentarios,Precio,Tipo de envio,Descuento,Precio anterior
Audifonos Xbox Astro A10 Gen2 negro,1,999.0,Express,33.0,"1,499"
Audífonos Nintendo Switch Recon 70N Turtle Beach,1,699.0,Express,30.0,999
Audífonos Ps4 Recon 70P Negro Turtle Beach,3,699.0,Express,30.0,999
Audífonos Turtle Beach Recon 70 Arctic Camo Multiplataforma,1,699.0,Express,30.0,999
Audífonos Turtle PS4 Beach Recon 70,3,699.0,Normal,30.0,999
Audífonos Turtle Xbox Beach Recon 7,7,699.0,Express,30.0,999
Audífonos Xbox One Recon 70X Negro Turtle Beach,7,699.0,Express,30.0,999
Auriculares Inalámbricos PULSE 3D™,22,1869.0,Express,15.0,"2,199"
Auriculares Univ Recon 70 Blue Camo,1,699.0,Express,30.0,999
Auriculares Xbox Serie S Y X Kaira X Razer,1,799.0,Express,50.0,"1,599"
Base de Carga Powerstand Xbox Series,5,719.0,Express,20.0,899
Bayonetta 3 - Nintendo Switch,2,1199.0,Express,16.0,"1,439"
Bundle Control PDP alámbrico para Xbox neon carbón + Xbox Game Pass Ultimate (1 mes),4,721.0,Express,15.0,849
Bundle control pdp alámbrico para xbox neon carbón + xbox game pass ultimate (1 mes),4,721.0,Normal,15.0,849
CARGADOR Y BATERIA PARA CONTROL XBOX ONE,4,450.0,Normal,35.0,700
CONSOLA NINTENDO SWITCH LITE CORAL HDHSPAZAA,15,7999.0,Normal,11.0,"8,999"
Call of Duty Modern Warfare II - PS4,4,1486.0,Express,15.0,"1,749"
Call of Duty Modern Warfare II - PS5,4,1486.0,Express,15.0,"1,749"
Call of Duty Modern Warfare II - Xbox Series X,2,1486.0,Express,15.0,"1,749"
Cartucho R4 Repro Nintendo DS Pokémon Perla Español,1,399.0,Normal,33.0,599
Consola Arcade Pac-man 1up + 10 Juegos Por Hdmi Control Wifi Nuevo en Mexico,1,499.0,Normal,64.0,"1,399"
Consola Nintendo Switc Lite Coral,15,4499.0,Express,17.0,"5,449"
Consola Nintendo Switch Lite Blue,7,4499.0,Express,17.0,"5,449"
Consola Nintendo Switch Lite Blue (version nacional),7,4399.0,Express,27.0,"6,099"
Consola Nintendo Switch Lite Coral,15,4499.0,Express,17.0,"5,449"
Consola Nintendo Switch Lite Coral (version nacional),15,4399.0,Express,27.0,"6,099"
Consola Nintendo Switch Lite Turquesa,22,4499.0,Express,17.0,"5,449"
Consola Nintendo Switch Lite Turquoise (version nacional),22,4399.0,Express,27.0,"6,099"
Consola Nintendo Switch Modelo Oled Blanco,55,7799.0,Express,17.0,"9,399"
Consola Nintendo Switch Neon,2,6699.0,Express,17.0,"8,149"
Consola Nintendo Switch Neon 1.1,117,6699.0,Express,17.0,"8,149"
Consola Nintendo Switch Oled Blanca,55,7799.0,Express,17.0,"9,399"
Consola Nintendo Switch Oled Neon,7,7799.0,Express,17.0,"9,399"
Consola Nintendo Switch Oled Neón Edición Estándar con Joy-Con,1,11850.0,Normal,14.0,"13,800"
Consola PlayStation 5,3,10499.0,Express,19.0,"12,999"
Consola PlayStation 5 - Standard Edition,2,10499.0,Express,19.0,"12,999"
Consola Playstation 5 Edición Digital,1,9629.0,Express,22.0,"12,499"
Consola Xbox Series S 512GB Blanco,43,6789.0,Normal,15.0,"7,999"
Consola Xbox Series X 1TB,151,11699.0,Express,10.0,"12,999"
Consola nintendo switch lite coral (version nacional),15,4399.0,Express,27.0,"6,099"
Consola nintendo switch lite turquesa,22,4499.0,Normal,17.0,"5,449"
Consola playstation 5,3,10499.0,Normal,19.0,"12,999"
Control Alambrico Xbox Serie S y X Wolverine V2 Razer,1,1679.0,Express,40.0,"2,799"
Control Alámbrico XBSX/S Power A Azul,1,849.0,Express,15.0,999
Control DS4 PS4 Green,51,1359.0,Express,15.0,"1,599"
Control Inalambrico Gamecube Espeon Para Switch (d3 Gamers),2,1450.0,Normal,19.0,"1,800"
Control Inalámbrico Dualsense Cosmic Red,16,1189.0,Express,30.0,"1,699"
Control Inalámbrico Dualsense Midnight Black,13,1189.0,Express,30.0,"1,699"
Control Inalámbrico Dualsense Midnight Black,13,1199.0,Express,29.0,"1,699"
Control Inalámbrico NSW Power A Gris Neón,4,1189.0,Express,15.0,"1,399"
Control Inalámbrico Ps5 Dualsense,25,1199.0,Express,29.0,"1,699"
Control Inalámbrico Ps5 Dualsense,25,1189.0,Express,30.0,"1,699"
Control Inalámbrico Ps5 Dualsense Starlight Blue,1,1189.0,Express,30.0,"1,699"
Control Inalámbrico XBOX QAU-00031 Azul,59,2500.0,Normal,37.0,"3,999"
Control Inalámbrico Xbox Series X Negro (Compatible con Xbox One),36,1274.0,Express,15.0,"1,499"
Control Inalámbrico Xbox Series X s one Robot Bluetooth Red,35,1099.0,Normal,35.0,"1,699"
Control Inalámbrico compatible con PS4 Modelo: Rosa,1,499.0,Normal,37.0,799
Control Joy-Con neón para nintendo switch,6,1599.0,Express,26.0,"2,179"
Control Multimedia PS5,2,594.0,Express,15.0,699
Control Nintendo Switch Joy-Con L Bicolor,1,1599.0,Express,26.0,"2,179"
Control PDP alámbrico para Xbox multicolor,5,934.0,Express,15.0,"1,099"
Control PDP para Xbox rematch glitch verde,1,806.0,Express,15.0,949
Control PS4 Jet Black,43,1274.0,Express,15.0,"1,499"
Control PS5 Dualsense FIFA,2,2294.0,Express,15.0,"2,699"
Control PS5 Dualsense STARLIGHT BLUE,2,1199.0,Express,29.0,"1,699"
Control PS5 dualsense gray camo,3,1099.0,Express,35.0,"1,699"
Control PlayStation 4 Magma Rojo,38,1359.0,Express,15.0,"1,599"
Control Ps5 Dualsense Gray Camo,3,1189.0,Express,30.0,"1,699"
Control Razer Wolverine V2 XBSX,1,1679.0,Express,40.0,"2,799"
Control XBSX Inalámbrico Eelectric Volt Verde,32,1359.0,Express,15.0,"1,599"
Control XBSX Negro Inalámbrico + Cable USB-C,13,1316.0,Express,15.0,"1,549"
Control XBSX Wireless Rojo,35,1359.0,Express,15.0,"1,599"
Control XBSX/S Alam Power A Camo Rojo,1,849.0,Express,15.0,999
Control Xbox Alambrico Pdp Phantasm Red 2.4m Cable,2,799.0,Normal,11.0,900
Control Xbox Elite Series 2 blanco,7,2549.0,Express,15.0,"2,999"
Control Xbox Series X Inalámbrico Azul (Compatible con Xbox One),59,1359.0,Express,15.0,"1,599"
Control Xbox Series X Inalámbrico Blanco (Compatible con Xbox One),49,1274.0,Express,15.0,"1,499"
Control Xbox Series X/S lunar shift edición especial,3,1529.0,Express,15.0,"1,799"
Control Xbox mineral Camo edición especial,4,1529.0,Express,15.0,"1,799"
Control Xbox turtle recon black inalámbrico,1,979.0,Express,30.0,"1,399"
Control inalámbrico dualsense midnight black,13,1189.0,Normal,30.0,"1,699"
Control playstation 4 magma rojo,38,1359.0,Normal,15.0,"1,599"
Control ps5 dualsense inalámbrico starlight blue,2,1099.0,Normal,35.0,"1,699"
Control xbox series x/s lunar shift edición especial,3,1529.0,Normal,15.0,"1,799"
Crash Bandicoot 4 Its About Time PlayStation 4,2,1359.0,Normal,15.0,"1,599"
Cámara HD PS5,5,1274.0,Express,15.0,"1,499"
Demon Slayer - Kimetsu no Yaiba - The Hinokami Chronicles - Nintendo Switch,3,1379.0,Normal,31.0,"1,999"
Diadema Gaming Muspell Force Stf,2,249.0,Express,50.0,499
Diadema Headset Turtle Beach Recon Chat Blanco Ps4 - Game Center,2,449.0,Normal,18.0,549
Estuche Bionik para Nintendo Switch Negro,2,879.0,Express,20.0,"1,099"
Estuche Viajero de Lujo Rds Nintendo Switch,2,999.0,Express,16.0,"1,199"
Estuche Zelda Café Rds Nintendo Switch,1,699.0,Express,16.0,839
Estuche para Nintendo Switch gris titanium,1,398.0,Express,15.0,469
Estuche viajero de lujo rds nintendo switch,2,999.0,Normal,16.0,"1,199"
Expansión de Unidad de Estado Sólido Seagate 1TB,5,7999.0,Normal,11.0,"8,999"
FIFA 23 - PlayStation 4,13,551.0,Express,15.0,649
FIFA 23 - PlayStation 5,4,551.0,Express,15.0,649
FIFA 23 - Xbox One,15,551.0,Express,15.0,649
FIFA 23 - Xbox Series X,2,551.0,Express,15.0,649
FUENTE DE PODER XBOX ONE ORIGINAL USADA,1,799.0,Normal,20.0,999
Fire Emblem Engage - Nintendo Switch,1,1099.0,Express,23.0,"1,439"
Funda Protectora Control Play Station 5 Mando Dualsense Ps5 Silicón Blanca,1,249.0,Normal,11.0,280
Funda de silicon para control PS5 Blanco,1,299.0,Normal,14.0,350
"Gamepad Kishi Xbox Edition, Alámbrico, USB-C, Negro, para Android",3,4490.0,Normal,19.0,"5,600"
"Gamepad Wolverine V2, Alámbrico, UBS, Negro, para Xbox/PC",1,4275.0,Normal,14.0,"5,000"
God Of War 3 Remastered Para Ps4 - Game Center,4,449.0,Normal,18.0,549
God of War Ragnarok - PlayStation 4,12,649.0,Express,50.0,"1,299"
God of War Ragnarok - PlayStation 5,6,899.0,Express,40.0,"1,499"
Headset Multiplataforma Turtle Beach RECON500 Camuflaje Blanco,1,1869.0,Express,15.0,"2,199"
Headset PDP LVL40 NSW Alámbrico Rojo azul,1,679.0,Express,15.0,799
Headset PS5 Inalámbrico Pulse 3D Negro,3,1869.0,Express,15.0,"2,199"
Headset Razer Blackshark V2 X,3,1119.0,Express,25.0,"1,499"
Headset Razer KRAKEN X PS4 Blanco,4,749.0,Express,40.0,"1,249"
Headset Razer KRAKEN X XBOX blanco con negro,4,699.0,Express,44.0,"1,249"
Headset Razer Kaira XBOX S/X Blanco,1,1359.0,Express,15.0,"1,599"
Headset Rzaer KAIRA XBOX S/X negro,1,999.0,Express,37.0,"1,599"
Headset Turtle Beach Reco,1,699.0,Express,30.0,999
Headset Turtle Beach Recon 70,1,699.0,Express,30.0,999
Headset Turtle Xbox Beach Recon 7,6,699.0,Express,30.0,999
Headset VoltEdge PS4 Inalámbrico TX70,1,899.0,Express,25.0,"1,199"
Headset Xbox Multi Turtle REC70 Camo Blanco,1,699.0,Express,30.0,999
Headset Xbox One Wireless Negro,24,1954.0,Express,15.0,"2,299"
Heasdset Turtle Xbox Beach Recon 5,13,499.0,Express,30.0,719
Just Dance 2023 - Xbox Series X,1,594.0,Express,15.0,699
KIT TECLADO INALÁMBRICO Y MOUSE K-06,1,410.0,Normal,24.0,545
KIT TECLADO Y MOUSE GAMER T6 CON LUZ LED,1,285.0,Normal,36.0,450
"KIT TECLADO, MOUSE Y DIADEMA GAMER",1,1150.0,Normal,28.0,"1,610"
Kit Carga Y Juega Compatible Xbox One (Pila Negra) TYX-561,1,299.0,Normal,40.0,499
Kit Carga Y Juega Xbox One,4,229.0,Normal,23.0,300
Kit Consola Ps5,2,10499.0,Express,19.0,"12,999"
Kit Teclado Y Mouse Inalámbrico Vimi TCM08 Color Negro,1,399.0,Normal,11.0,450
Kit de Carga Xbox Serie X Y S,2,549.0,Express,15.0,649
Kit de Viajero de Lujo NSW RDS,2,899.0,Express,25.0,"1,209"
Kit de carga VoltEdge para Xbox Series X,1,299.0,Express,25.0,399
Kit de carga para Xbox One / Series X/S,2,549.0,Express,15.0,649
Kit gamer para Xbox Series S/X,1,959.0,Express,40.0,"1,599"
Lego Harry Potter Collection Compatible PS4,1,219.0,Normal,45.0,399
Luigi's Mansion 3,7,1199.0,Express,16.0,"1,439"
Luigi's Mansion 3 - Nintendo Switch,7,1199.0,Express,16.0,"1,439"
Luigi's mansion 3 - nintendo switch,7,1199.0,Normal,16.0,"1,439"
MEMORIA RAM ADATA PREMIER SODDR3L LAPTOP 4GB ADDS1600W4G11-S,2,349.0,Normal,31.0,509
Madden NFL 23 - PS4,2,551.0,Express,15.0,649
Mario + rabbids sparks of hope - Nintendo Switch,2,1189.0,Express,15.0,"1,399"
Mekano - Convertidor De Guitar Hero Rock Band Breakaway Cable Xbox,2,175.0,Normal,12.0,199
Memoria Micro SD 512GB Sandisk Nintendo SDSQXAO-512G-GNCZN,4,3299.0,Normal,15.0,"3,899"
Mini Consola 8 BITS para tv inalámbrica HDMI,6,1299.0,Normal,35.0,"1,999"
Mini Consola Retro Nes Incluye 620 Juegos Clasicos,5,399.0,Normal,42.0,699
Mouse Blanco Rgb para Gaming Logitech,1,499.0,Express,20.0,629
Mouse Negro Rgb para Gaming Logitech,9,499.0,Express,20.0,629
Mouse VersionTECH. Gamer Ergonómico USB Óptico -Negro,1,934.0,Normal,13.0,"1,074"
NBA 2K23 - Xbox One,1,209.0,Express,67.0,649
NSW Animal Crossing New Horizons,10,1199.0,Express,16.0,"1,439"
NSW Demon Slayer,3,999.0,Express,31.0,"1,449"
NSW Kirby and The Forgotten Land,2,1199.0,Express,16.0,"1,439"
NSW Legend Of Zelda Breath Of The Wild,14,1199.0,Express,16.0,"1,439"
NSW MARIO STRIKERS BATTLE LEAGUE,5,1199.0,Express,16.0,"1,439"
NSW Mario Kart 8 Deluxe,28,1199.0,Express,16.0,"1,439"
NSW Mario Party Superstars,19,1199.0,Express,16.0,"1,439"
NSW New Super Mario U Deluxe,14,1199.0,Express,16.0,"1,439"
NSW Pokémon Brilliant Diamond,4,1199.0,Express,16.0,"1,439"
NSW Super Mario 3D World + Bowser's Fury,18,1199.0,Express,16.0,"1,439"
NSW Super Mario Maker 2,8,1199.0,Express,16.0,"1,439"
NSW Super Mario Odyssey,25,1199.0,Express,16.0,"1,439"
NSW Super Mario Party,13,1199.0,Express,16.0,"1,439"
NSW Super Smash Bros Ultimate,14,1199.0,Express,16.0,"1,439"
NSW Xenoblade Chronicles 3,1,1199.0,Express,16.0,"1,439"
New Super Mario Bros. U Deluxe,14,1199.0,Express,16.0,"1,439"
Nier Automata the end of Yorha Nintendo Switch,13,755.0,Express,15.0,889
Nintendo Switch Animal Crossing New Horizons,10,1199.0,Express,16.0,"1,439"
Nintendo Switch Bayonetta 3,2,1199.0,Express,16.0,"1,439"
Nintendo Switch Control Joy-Con L R Purple Orange,8,1799.0,Express,17.0,"2,179"
Nintendo Switch Controles Joy con L R Pink Green,1,1799.0,Express,17.0,"2,179"
Nintendo Switch Fire Emblem Engage,1,1199.0,Express,16.0,"1,439"
Nintendo Switch Joy 2 Pack Neon,6,1799.0,Express,17.0,"2,179"
Nintendo Switch Kirby And The Forgotten Land,2,1199.0,Express,16.0,"1,439"
Nintendo Switch Lite 32GB,14,6850.0,Normal,23.0,"8,900"
Nintendo Switch Mario Kart 8 Deluxe,28,1199.0,Express,16.0,"1,439"
Nintendo Switch Mario Party Superstars,19,1199.0,Express,16.0,"1,439"
Nintendo Switch Mario Strikers Battle League,5,1199.0,Express,16.0,"1,439"
Nintendo Switch Neon + Animal Crossing + 3 Meses Nintendo Online,21,12999.0,Normal,50.0,"25,999"
Nintendo Switch Neon + Mario Kart 8 + 3 Meses Nintendo Online,1,12999.0,Normal,50.0,"25,999"
Nintendo Switch Pokemon Brilliant Diamond,4,1199.0,Express,16.0,"1,439"
Nintendo Switch Pokemon Shining Pearl,2,1199.0,Express,16.0,"1,439"
Nintendo Switch Pokémon Legends: Arceus,7,1199.0,Express,16.0,"1,439"
Nintendo Switch Pokémon Scarlet,9,1199.0,Express,16.0,"1,439"
Nintendo Switch Pokémon Violet,7,1199.0,Express,16.0,"1,439"
Nintendo Switch Pro Controller Negro,11,1614.0,Express,15.0,"1,899"
Nintendo Switch Splatoon 3,5,1199.0,Express,16.0,"1,439"
Nintendo Switch Sports,1,999.0,Express,18.0,"1,229"
Nintendo Switch Sports - Nintendo Switch,1,999.0,Express,18.0,"1,229"
Nintendo Switch Super Mario Maker 2,8,1199.0,Express,16.0,"1,439"
Nintendo Switch The Legend Of Zelda Breath Of The Wild,14,1199.0,Express,16.0,"1,439"
Nintendo Switch Xenoblade Chronicles 3,1,1199.0,Express,16.0,"1,439"
Nsw legend of zelda breath of the wild,14,1199.0,Normal,16.0,"1,439"
Nsw mario kart 8 deluxe,28,1199.0,Normal,16.0,"1,439"
Nsw super mario odyssey,25,1199.0,Normal,16.0,"1,439"
Nyko - Modular Power Station + 2 baterías recargables para Xbox One,1,399.0,Normal,20.0,499
One Piece Oddysey - PlayStation 4,1,815.0,Express,15.0,959
PROCESADOR AMD RYZEN 7 5700G 3.8GHZ 100-100000263BOX,1,3239.0,Normal,31.0,"4,699"
PROCESADOR INTEL CORE I3 10100F 4.3GHZ 6MB 1200 BX8070110100F,2,1379.0,Normal,31.0,"1,999"
PROCESADOR INTEL CORE I3 10105 4.4GHZ 6MB 1200 BX8070110105,1,2479.0,Normal,31.0,"3,599"
PS4 Call Of Duty Vanguard,2,1359.0,Express,15.0,"1,599"
PS4 GTA The Trilogy,3,1104.0,Express,15.0,"1,299"
PS4 GTA V Premium Edition,7,424.0,Express,15.0,499
PS4 HITS GOD OF WAR,5,381.0,Express,15.0,449
PS4 HITS GOD OF WAR III REMASTERED,4,381.0,Express,15.0,449
PS4 HITS THE LAST OF US RMST,6,381.0,Express,15.0,449
PS4 Hits Horizon Zero Dawn,1,381.0,Express,15.0,449
PS4 Horizon Forbidden West,2,764.0,Express,15.0,899
PS4 Spiderman Goty Edition,1,764.0,Express,15.0,899
"PS4, Dualshock 4 Magma Red",38,1599.0,Express,11.0,"1,799"
PS5 FIFA 22,2,636.0,Express,15.0,749
PS5 GTA V,4,849.0,Express,15.0,999
PS5 Horizon Forbidden West,2,934.0,Express,15.0,"1,099"
PS5 Spider-Man Ultimate Edition,1,1274.0,Express,15.0,"1,499"
Palanca de Cambio Logitech G Driving Force,3,1399.0,Normal,26.0,"1,899"
Plants vs. Zombies - La Batalla Por Neighborville PlayStation 4,5,424.0,Express,15.0,499
Plants vs. Zombies - La Batalla por Neighborville Xbox One,6,424.0,Express,15.0,499
Pokémon Violet - Nintendo Switch,7,1099.0,Express,23.0,"1,439"
Pokémon scarlet - nintendo switch,9,1099.0,Normal,23.0,"1,439"
Preventa - Ps4 Grand Theft Auto The Trilogy,3,649.0,Express,50.0,"1,299"
Protector de Pantalla NSW Oled,1,279.0,Express,15.0,329
Protector de Pantalla para NSW Bionik,1,296.0,Express,15.0,349
Ps4 Back 4 Blood,1,199.0,Express,50.0,399
Ps4 Battlefield 2042,2,199.0,Express,50.0,399
Ps4 Dead Island 2,1,679.0,Express,50.0,"1,359"
Ps4 God Of War Ragnarok,12,649.0,Express,50.0,"1,299"
Ps4 Gran Turismo 7,4,1104.0,Express,15.0,"1,299"
Ps4 Madden Nfl 21,1,399.0,Express,60.0,999
Ps4 Rainbow Six Extraction Spanish,1,249.0,Express,50.0,499
Ps4 Sonic Frontiers,1,819.0,Express,45.0,"1,499"
Ps4 Teenage Mutant Ninja Turtles,1,679.0,Express,20.0,849
Ps5 Fifa Soccer 2022,2,369.0,Normal,50.0,749
Ps5 God Of War Ragnarok,6,899.0,Express,40.0,"1,499"
Ps5 Sonic Frontiers,1,819.0,Express,45.0,"1,499"
Ps5 god of war ragnarok,6,899.0,Normal,40.0,"1,499"
RAM ADATA D30 DDR4 8GB 3200 PLATA LED ROJO AX4U32008G16A-SR30,1,489.0,Normal,31.0,709
Ratchet & Clank Ps4 - Game Center,1,349.0,Normal,22.0,449
Resident Evil 4 - PlayStation 4,3,1274.0,Express,15.0,"1,499"
Resident Evil 4 - PlayStation 5,2,1274.0,Express,15.0,"1,499"
Sandisk Memoria Micro Sd 512gb 4k Nintendo Switch Original,4,1599.0,Normal,11.0,"1,800"
Set 8 En 1 Gomas Antideslizante Tapa De Balancín L2r2 Joyps5,1,99.0,Normal,34.0,150
Silla Gamer START THE GAME CGC500 Reclinable Ergonomica Rojo CGC500-RD,2,3999.0,Normal,20.0,"4,999"
"Silla Gamer Xzeal XZ20, Negro-Azul, Alto Desempeño",1,3403.0,Normal,29.0,"4,800"
"Silla Gamer Yeyian Ryuji Serie 2500, Reclinable, con Reposabrazos 4D, Night Camouflaje",1,3419.0,Normal,10.0,"3,819"
"Silla para Gamer Stylos XZ20 AZUL XZSXZ20A, Gamer, Azul",1,4800.0,Normal,30.0,"6,900"
Sonic Frontiers - PlayStation 4,1,749.0,Express,50.0,"1,499"
Sonic Frontiers - PlayStation 5,1,749.0,Express,50.0,"1,499"
Sonic Frontiers - Xbox Series X,1,749.0,Express,50.0,"1,499"
Starter Kit Para Nintendo Switch Verbatim 99801,1,499.0,Normal,61.0,"1,299"
Super Mario 3D World + Bowser's Fury,18,1199.0,Express,16.0,"1,439"
Super Mario Odyssey,25,1199.0,Express,16.0,"1,439"
Super Mario Party Nintendo Switch,13,1199.0,Express,16.0,"1,439"
Super Smash Bros. Ultimate,14,1199.0,Express,16.0,"1,439"
Tarjeta Sandisk micro SD 128 gb para Nintendo Switch,38,679.0,Express,15.0,799
Tarjetas Pokémon Tcg Holiday Calendar,1,869.0,Express,30.0,"1,249"
Teclado Gamimg Abysmal Armor Stf,2,699.0,Express,30.0,999
Teenage Mutant Ninja Turtles: The Cowabunga Collection - PS4,1,679.0,Express,20.0,849
The Last of us Part I - PS5,2,1274.0,Express,15.0,"1,499"
Videojuego Animal Crossing Wild World Nintendo DS Nuevo,1,599.0,Normal,33.0,899
Videojuego Animal Crossing: New Horizons Nintendo Switch,10,1299.0,Normal,13.0,"1,499"
Videojuego Luigi'S Mansion 3 Nintendo Switch,7,1299.0,Normal,13.0,"1,499"
Videojuego Mario Party Superstars Nintendo Switch,19,1299.0,Normal,13.0,"1,499"
Videojuego NSW Animal Crossing New Horizons,10,1199.0,Express,14.0,"1,399"
Videojuego NSW Luigis Mansion 3,7,1199.0,Express,14.0,"1,399"
Videojuego NSW Mario Kart 8 deluxe,28,1199.0,Express,14.0,"1,399"
Videojuego NSW Mario party Superstars,19,1199.0,Express,14.0,"1,399"
Videojuego NSW Super Mario 3d world and bowsers fury,18,1199.0,Express,14.0,"1,399"
Videojuego NSW Super Mario Bros. u deluxe,14,1199.0,Express,14.0,"1,399"
Videojuego NSW Super Mario maker 2,8,1199.0,Express,14.0,"1,399"
Videojuego NSW Super Mario odyssey,25,1199.0,Express,14.0,"1,399"
Videojuego Pokemon Legends: Arceus Nintendo Switch,7,1299.0,Normal,13.0,"1,499"
Videojuego Super Mario 3D World + Bowser'S Fury Nintendo Switch,18,1299.0,Normal,13.0,"1,499"
Videojuego Super Smash Bros. Ultimate Nintendo Switch,14,1299.0,Normal,13.0,"1,499"
Videojuego nsw super mario odyssey,25,1199.0,Express,14.0,"1,399"
Volante PS5 / PS4 Hori Racing,2,2549.0,Express,15.0,"2,999"
WEBCAM LIVE LOGITECH C270 960-000694 NEGRO,1,559.0,Normal,31.0,819
WWE 2K23 - PlayStation 4,1,759.0,Express,35.0,"1,179"
XB1 GTA V Premium Edition,7,424.0,Express,15.0,499
"XZEAL Silla Gamer XZ25, hasta 150Kg, Negro",1,5720.0,Normal,18.0,"7,000"
Xbox One FIFA 22,18,636.0,Express,15.0,749
Xbox One Far Cry 6 Le Spanish,6,369.0,Express,50.0,749
Xbox One Madden Nfl 21,1,299.0,Express,70.0,999
Xbox One Sonic Frontiers,1,819.0,Express,45.0,"1,499"
Xbox One Star Wars Squadrons,1,149.0,Express,70.0,499
Xbox One Watch Dogs Legion Le Day One,3,219.0,Normal,51.0,449
Xbox Serie X Y S Charge Kit One Xsx,1,319.0,Express,20.0,399
Xbox Serie X Y S Just Dance 2023,1,419.0,Express,40.0,699
Xbox Series X Play & Charge (Batería Recargable),9,764.0,Express,15.0,899
"Yeyian Silla Gamer Ryuji Snow Camouflage, hasta 150kg, Negro/Blanco",2,3598.0,Normal,17.0,"4,350"
